{
    "meta": {
        "num_tuples": 900,
        "num_attributes": 10,
        "num_attributes_in_BN": 9,
        "all_attributes": [
            "Unnamed: 0",
            "instance_count",
            "machine_type",
            "slots",
            "memory",
            "data_size_MB",
            "features",
            "observations",
            "k",
            "gross_runtime"
        ],
        "candidate_keys": [
            "Unnamed: 0"
        ],
        "non_categorical_string_attributes": [],
        "attributes_in_BN": [
            "instance_count",
            "machine_type",
            "slots",
            "memory",
            "data_size_MB",
            "features",
            "observations",
            "k",
            "gross_runtime"
        ]
    },
    "attribute_description": {
        "Unnamed: 0": {
            "name": "Unnamed: 0",
            "data_type": "Integer",
            "is_categorical": false,
            "is_candidate_key": true,
            "min": 0,
            "max": 899,
            "missing_rate": 0.0,
            "distribution_bins": [
                0.0,
                44.95,
                89.9,
                134.85000000000002,
                179.8,
                224.75,
                269.70000000000005,
                314.65000000000003,
                359.6,
                404.55,
                449.5,
                494.45000000000005,
                539.4000000000001,
                584.35,
                629.3000000000001,
                674.25,
                719.2,
                764.1500000000001,
                809.1,
                854.0500000000001
            ],
            "distribution_probabilities": [
                0.06550653733818891,
                0.018011153517587076,
                0.023059583196735775,
                0.12540415359801355,
                0.0,
                0.0,
                0.0,
                0.07822622473734855,
                0.061834099953156335,
                0.09293802621113881,
                0.19796432297195768,
                0.06762133523569193,
                0.00988224335000642,
                0.062459736406456925,
                0.0,
                0.033649978850147456,
                0.0,
                0.14263786129968037,
                0.017147226888208415,
                0.003657516445681755
            ]
        },
        "instance_count": {
            "name": "instance_count",
            "data_type": "Integer",
            "is_categorical": true,
            "is_candidate_key": false,
            "min": 2,
            "max": 12,
            "missing_rate": 0.0,
            "distribution_bins": [
                2,
                4,
                6,
                8,
                10,
                12
            ],
            "distribution_probabilities": [
                0.042328011747833745,
                0.3502887444457896,
                0.1595119517553457,
                0.21091671274508467,
                0.0,
                0.23695457930594632
            ]
        },
        "machine_type": {
            "name": "machine_type",
            "data_type": "String",
            "is_categorical": true,
            "is_candidate_key": false,
            "min": 9,
            "max": 10,
            "missing_rate": 0.0,
            "distribution_bins": [
                "m4.2xlarge",
                "r4.2xlarge",
                "r4.xlarge"
            ],
            "distribution_probabilities": [
                0.05457692035372307,
                0.6402408584515799,
                0.305182221194697
            ]
        },
        "slots": {
            "name": "slots",
            "data_type": "Integer",
            "is_categorical": true,
            "is_candidate_key": false,
            "min": 8,
            "max": 96,
            "missing_rate": 0.0,
            "distribution_bins": [
                8,
                16,
                24,
                32,
                40,
                48,
                64,
                80,
                96
            ],
            "distribution_probabilities": [
                0.10033599884586691,
                0.1052907602551599,
                0.0,
                0.27946414476903236,
                0.0,
                0.25913732431126046,
                0.2557717718186803,
                0.0,
                0.0
            ]
        },
        "memory": {
            "name": "memory",
            "data_type": "Integer",
            "is_categorical": false,
            "is_candidate_key": false,
            "min": 61000,
            "max": 732000,
            "missing_rate": 0.0,
            "distribution_bins": [
                61000.0,
                94550.0,
                128100.0,
                161650.0,
                195200.0,
                228750.0,
                262300.0,
                295850.0,
                329400.0,
                362950.0,
                396500.0,
                430050.0,
                463600.0,
                497150.0,
                530700.0,
                564250.0,
                597800.0,
                631350.0,
                664900.0,
                698450.0
            ],
            "distribution_probabilities": [
                0.0,
                0.08113240241918794,
                0.02382864489345207,
                0.0,
                0.5924611495657204,
                0.0,
                0.0,
                0.0,
                0.05758601166059656,
                0.024141471648259184,
                0.0,
                0.0,
                0.0,
                0.0,
                0.059055522660956525,
                0.0,
                0.0,
                0.0,
                0.1617947971518275,
                0.0
            ]
        },
        "data_size_MB": {
            "name": "data_size_MB",
            "data_type": "Integer",
            "is_categorical": true,
            "is_candidate_key": false,
            "min": 8000,
            "max": 30500,
            "missing_rate": 0.0,
            "distribution_bins": [
                8000,
                10500,
                13200,
                16000,
                18600,
                20300,
                21300,
                30500
            ],
            "distribution_probabilities": [
                0.09833736948704115,
                0.0,
                0.31709127168776263,
                0.07729961084152834,
                0.31818974442116715,
                0.07683325056831719,
                0.1122487529941835,
                0.0
            ]
        },
        "features": {
            "name": "features",
            "data_type": "Integer",
            "is_categorical": true,
            "is_candidate_key": false,
            "min": 5,
            "max": 15,
            "missing_rate": 0.0,
            "distribution_bins": [
                5,
                10,
                15
            ],
            "distribution_probabilities": [
                0.9558937853655197,
                0.0,
                0.04410621463448033
            ]
        },
        "observations": {
            "name": "observations",
            "data_type": "Integer",
            "is_categorical": true,
            "is_candidate_key": false,
            "min": 100000000,
            "max": 200000000,
            "missing_rate": 0.0,
            "distribution_bins": [
                100000000,
                125000000,
                150000000,
                175000000,
                200000000
            ],
            "distribution_probabilities": [
                0.2051253392694131,
                0.07809782492249678,
                0.2962157529017337,
                0.0,
                0.42056108290635646
            ]
        },
        "k": {
            "name": "k",
            "data_type": "Integer",